{"cameraMode":{"drawMode":0,"name":"Shaded","section":"Shading Mode"},"sceneLighting":true,"audioPlay":false,"sceneViewState":{"showFog":true,"showMaterialUpdate":false,"showSkybox":true,"showFlares":true,"showImageEffects":true,"showParticleSystems":true},"in2DMode":false,"pivot":{"x":47.90389633178711,"y":600.390380859375,"z":-6.365503787994385},"rotation":{"x":-0.04938151687383652,"y":0.1275893747806549,"z":-0.006359932944178581,"w":-0.9905798435211182},"size":401.90191650390627,"orthographic":false}