{"cameraMode":{"drawMode":0,"name":"Shaded","section":"Shading Mode"},"sceneLighting":true,"audioPlay":false,"sceneViewState":{"showFog":true,"showMaterialUpdate":false,"showSkybox":true,"showFlares":true,"showImageEffects":true,"showParticleSystems":true},"in2DMode":false,"pivot":{"x":6.772400856018066,"y":-2.245448350906372,"z":3.7026517391204836},"rotation":{"x":0.02887929230928421,"y":-0.637245774269104,"z":0.023907748982310296,"w":0.7697494029998779},"size":20.990663528442384,"orthographic":true}